{
    "accuracy": 0.9180966617219126,
    "bias_ratio": 1.1162631470054678,
    "bias_direction": "Bias verso W",
    "m_precision": 0.9519551480020906,
    "m_recall": 0.9147514039172716,
    "m_f1": 0.9329825378346915,
    "m_error_rate": 0.08524859608272839,
    "w_precision": 0.8675450336481393,
    "w_recall": 0.923630376662152,
    "w_f1": 0.8947096321080021,
    "w_error_rate": 0.07636962333784797,
    "equality_of_opportunity": -0.008878972744880365,
    "predictive_equality": 0.00887897274488042,
    "true_negative": 300537,
    "false_positive": 28008,
    "false_negative": 15168,
    "true_positive": 183445,
    "male_count": 328545,
    "female_count": 198613
}