{
    "best_threshold": 0.4600000000000001,
    "val_f1": 0.894571558941299,
    "val_precision": 0.8678945125704275,
    "val_recall": 0.9229405930125419,
    "bias_ratio": 1.1020842847888885
}