{
    "accuracy": 0.914378611346124,
    "precision": 0.8686922555816602,
    "recall": 0.9103482652192958,
    "f1": 0.8890325752919483
}