{
    "accuracy": 0.9163438665447551,
    "precision": 0.8687221095334685,
    "recall": 0.916450584805627,
    "f1": 0.891948311600488
}