{
    "accuracy": 0.9162148729602889,
    "precision": 0.8747846344245189,
    "recall": 0.9075186417807495,
    "f1": 0.8908510396433531
}