{
    "accuracy": 0.9161655518838754,
    "precision": 0.8627873867016252,
    "recall": 0.9245165220806292,
    "f1": 0.8925859671978145
}