{
    "accuracy": 0.9161370974167138,
    "precision": 0.8633377259036145,
    "recall": 0.9236152719107007,
    "f1": 0.8924598570153226
}