{
    "accuracy": 0.916381805834304,
    "precision": 0.8746381695378752,
    "recall": 0.9082386349332622,
    "f1": 0.8911217815717193
}