{
    "accuracy": 0.9168882953497813,
    "precision": 0.8679056944576481,
    "recall": 0.9193255224985273,
    "f1": 0.8928759171917368
}