{
    "accuracy": 0.9167725805166572,
    "precision": 0.8740747187289983,
    "recall": 0.9102324621248358,
    "f1": 0.8917872346722836
}