{
    "accuracy": 0.916797241054864,
    "precision": 0.8676518103202508,
    "recall": 0.9194060811729343,
    "f1": 0.892779528348241
}